Name,Email,Date
John,john@example.com,2023-04-25
John,john@example.com,2023-04-26
John,john@example.com,2023-04-27
John,john@example.com,2023-04-28
John,john@example.com,2023-04-29
John,john@example.com,2023-04-30
John,john@example.com,2023-05-01
Jane,jane@example.com,2023-04-25
Jane,jane@example.com,2023-04-26
Jane,jane@example.com,2023-04-27
Jane,jane@example.com,2023-04-28
Jane,jane@example.com,2023-04-29
Jane,jane@example.com,2023-04-30
Jane,jane@example.com,2023-05-01
Bob,bob@example.com,2023-04-25
Bob,bob@example.com,2023-04-26
Bob,bob@example.com,2023-04-27
Bob,bob@example.com,2023-04-28
Bob,bob@example.com,2023-04-29
Bob,bob@example.com,2023-04-30
Bob,bob@example.com,2023-05-01
